"show_id","direct_id"
"81145628","1"
"81145628","2"
"80125979","3"
"80164077","4"
"80164077","5"
"70304990","6"
"70299204","7"
"80182483","8"
"80182483","9"
"80182596","8"
"80182596","9"
"80182482","9"
"80182597","9"
"80182621","8"
"80182621","9"
"80060297","10"
"80046728","11"
"80046727","12"
"70304988","13"
"80057700","14"
"80045922","15"
"80203094","16"
"70241607","17"
"80988892","18"
"80988892","19"
"80239639","20"
"80152447","21"
"81154455","22"
"81113928","23"
"81052275","24"
"80058026","25"
"80058026","26"
"70303496","27"
"80162141","28"
"80162141","29"
"80095641","30"
"80159880","31"
"81016044","32"
"80158838","31"
"81016045","33"
"70142798","33"
"70142798","34"
"70142798","35"
"70142798","36"
"70142798","37"
"70062814","33"
"70062814","36"
"80158839","38"
"80147760","39"
"80177405","40"
"81160036","41"
"81173255","42"
"81078908","43"
"81155784","44"
"80201906","45"
"80052612","46"
"81054495","47"
"70212504","48"
"80187061","49"
"80081155","50"
"80081155","51"
"80198585","52"
"81011955","53"
"80128722","54"
"80182115","55"
"80104068","56"
"80119349","57"
"80019931","58"
"81053893","59"
"80200087","60"
"81053892","59"
"81002850","61"
"81004470","62"
"80157072","63"
"81001809","64"
"81002864","65"
"81016750","66"
"81002866","67"
"80992039","68"
"80126507","69"
"80231903","70"
"81171121","71"
"81171121","72"
"81171121","73"
"81171121","74"
"81171121","75"
"81171121","76"
"81171121","77"
"81171121","78"
"81171121","79"
"81171121","80"
"81012295","81"
"80060037","82"
"60003155","83"
"60003155","84"
"81177238","85"
"70270775","86"
"80215923","87"
"80151483","88"
"80173625","89"
"80173625","90"
"80005444","91"
"80005444","92"
"80244682","93"
"81075519","94"
"80166318","95"
"81186758","96"
"81186757","96"
"80108976","97"
"80208155","98"
"80198423","99"
"80162144","100"
"81053953","101"
"81074113","102"
"80992496","103"
"70304191","104"
"81176200","105"
"80208906","106"
"80097321","107"
"80097321","108"
"80106966","109"
"81080769","110"
"70267838","111"
"80211380","112"
"80196586","113"
"80099204","114"
"80059432","115"
"81172721","116"
"81172727","117"
"70153543","118"
"81172728","119"
"80102952","120"
"80102952","121"
"80243600","122"
"81020523","123"
"81122669","124"
"81000389","125"
"81000389","126"
"80150502","127"
"80119815","128"
"80119815","129"
"80993149","130"
"80203776","131"
"80143797","132"
"80161931","133"
"80017275","134"
"81107545","135"
"70118953","136"
"70118953","137"
"80190449","138"
"80190449","139"
"80163156","140"
"80149143","141"
"80987075","142"
"80192815","143"
"80066798","111"
"81147293","144"
"80991316","52"
"80190588","145"
"70124316","146"
"70229037","147"
"80037280","148"
"80058248","149"
"70307661","150"
"70117312","151"
"80092885","152"
"80108371","102"
"70129452","153"
"80045805","154"
"80045805","155"
"80101827","156"
"81030342","157"
"81131761","158"
"81016326","159"
"80227777","160"
"81018233","161"
"81016317","162"
"81016337","163"
"81018241","164"
"81018237","165"
"81018238","166"
"81016339","167"
"81016339","168"
"80067522","169"
"80192149","170"
"80142637","171"
"80192014","172"
"80192015","172"
"80168230","173"
"80202129","174"
"80088910","175"
"80088910","176"
"70290909","177"
"80033772","178"
"80033772","179"
"81093951","96"
"80238013","180"
"81089941","181"
"81000011","182"
"80217733","183"
"80999985","184"
"80999985","185"
"80999985","186"
"80999985","187"
"80188120","188"
"80164779","189"
"81092328","190"
"81183572","191"
"81037283","192"
"80244973","193"
"81161230","194"
"81002412","195"
"81023636","196"
"81023636","197"
"80198046","198"
"80106307","199"
"70267728","200"
"81001000","201"
"80192445","202"
"80158670","203"
"80162143","204"
"81060174","205"
"70130445","206"
"80216928","156"
"81001494","207"
"81001494","208"
"80184129","209"
"60000861","210"
"1151375","211"
"81137484","212"
"80187228","213"
"81031008","214"
"70099119","215"
"70039185","216"
"81165769","217"
"70056433","218"
"70113003","219"
"60031232","220"
"80032842","217"
"81137482","212"
"81137482","221"
"70043308","222"
"70043308","223"
"81165771","217"
"70044697","224"
"70105368","225"
"81141689","226"
"1008581","227"
"70058023","228"
"81165786","217"
"81165770","217"
"70043303","229"
"70136074","230"
"1153194","231"
"70112730","232"
"81158575","233"
"81065786","234"
"70087541","235"
"81004113","236"
"81003984","237"
"70024088","238"
"81005312","239"
"80082969","240"
"80994130","241"
"81019924","242"
"81013710","243"
"70077076","63"
"81014988","244"
"80102950","33"
"81005314","245"
"80242828","246"
"81004223","247"
"80198730","248"
"80999945","249"
"81016043","250"
"17672040","251"
"20254278","252"
"70276596","253"
"80063025","253"
"70068739","254"
"80184974","255"
"80184974","256"
"80156941","252"
"80061314","257"
"70052492","258"
"70036200","258"
"70018513","258"
"80158480","259"
"80139506","260"
"80205314","261"
"80158545","262"
"80156939","263"
"80152537","264"
"80045673","264"
"70275937","264"
"70101321","265"
"70108386","266"
"70074559","267"
"80162197","268"
"80184055","269"
"80184055","270"
"80160358","271"
"60034929","272"
"80157134","273"
"80157134","263"
"80141891","274"
"80183897","275"
"80177834","276"
"80121855","277"
"80190990","274"
"80173269","278"
"80106137","279"
"80114155","280"
"80118841","281"
"80102579","282"
"80097438","283"
"80114419","284"
"80103426","285"
"70278877","286"
"80244311","287"
"81183570","288"
"81016328","289"
"80239503","290"
"81016321","291"
"80031666","292"
"80995737","293"
"81020161","294"
"80025390","295"
"80196216","296"
"80091741","98"
"80115464","297"
"80041653","298"
"81016338","299"
"81002592","300"
"81017724","301"
"80170301","302"
"80189623","303"
"81177367","304"
"81016323","291"
"81016318","163"
"80242081","305"
"80168222","306"
"80237905","307"
"81021243","308"
"81021243","309"
"81004460","310"
"81016330","163"
"70105130","311"
"80141858","312"
"81084225","313"
"80203920","314"
"80199806","315"
"80084834","316"
"80208273","317"
"80145699","318"
"70266684","319"
"81166978","320"
"81177371","321"
"70067230","322"
"80207446","323"
"80207446","324"
"80207447","325"
"81016324","163"
"80192097","326"
"70185045","327"
"70002129","328"
"80191963","329"
"80218099","330"
"80199767","331"
"80191665","332"
"80161921","333"
"81148672","334"
"80092857","335"
"81110394","336"
"80067754","337"
"80189954","335"
"80094648","338"
"80066073","339"
"80123740","340"
"80123741","341"
"80123742","342"
"81000863","343"
"81000863","344"
"70082255","345"
"80117454","346"
"80095197","347"
"80045783","348"
"81123469","349"
"80211622","350"
"80990221","351"
"80202352","352"
"80241061","353"
"81025088","354"
"80173479","355"
"80081372","356"
"81136744","357"
"80182014","358"
"81078456","359"
"81121023","360"
"81018455","361"
"81110383","362"
"81018183","363"
"80219941","364"
"80219941","365"
"80064515","366"
"80062011","367"
"80062011","368"
"80062011","369"
"80062011","370"
"80062011","371"
"80062011","372"
"80062011","373"
"80062011","374"
"80062011","375"
"80062011","376"
"80062011","222"
"80062011","377"
"80062011","378"
"81034741","379"
"81075461","380"
"81075461","381"
"80205231","382"
"80158919","383"
"70299286","384"
"70299286","385"
"80017261","386"
"80186796","387"
"81071891","388"
"80224536","389"
"80994444","390"
"80017286","391"
"70295169","392"
"80039050","393"
"81027753","394"
"15815343","395"
"70295176","396"
"80131240","397"
"80131240","398"
"70170182","399"
"70082633","400"
"70049619","401"
"80211135","402"
"70109884","403"
"70176967","404"
"70198040","405"
"80038442","406"
"80091310","407"
"70114484","163"
"80117443","408"
"80010717","409"
"81020005","410"
"81020005","411"
"81035748","412"
"80135164","361"
"70167128","413"
"80118101","414"
"80118101","415"
"80113669","416"
"81094801","417"
"81191195","418"
"80218973","390"
"80235999","419"
"80235999","420"
"80215419","408"
"70118860","421"
"80017240","419"
"70118859","421"
"80236778","422"
"80236778","423"
"80236470","424"
"80236470","425"
"699257","426"
"80236574","423"
"80988048","427"
"80039069","428"
"80046779","429"
"80995687","430"
"60001650","431"
"81172848","432"
"81034575","433"
"80226951","434"
"80232279","435"
"80239666","436"
"81011973","437"
"80144152","438"
"81035749","412"
"81035750","412"
"81035751","412"
"80148162","439"
"80171705","440"
"81172729","441"
"81172895","442"
"81172905","443"
"81172723","444"
"81172909","445"
"80214706","446"
"80994011","447"
"81172902","444"
"80998890","448"
"81047903","449"
"81026343","450"
"80208635","451"
"70125931","452"
"70235768","453"
"80177406","109"
"81081656","454"
"81187847","455"
"81053240","456"
"81157840","457"
"80244900","458"
"80211134","459"
"70271601","460"
"80204433","461"
"80089199","462"
"80043049","463"
"80044545","464"
"80070182","465"
"80070182","466"
"80992769","467"
"81191228","468"
"81025935","469"
"81020508","27"
"80201824","470"
"80203782","471"
"80201829","472"
"80126016","473"
"80202089","474"
"80203789","475"
"80201825","476"
"80202376","477"
"80028360","478"
"80203783","479"
"80142617","480"
"80201823","481"
"80190841","482"
"80115858","483"
"80158547","484"
"80206827","485"
"80202090","486"
"80203790","487"
"80158391","488"
"80201822","489"
"80211540","490"
"80123743","491"
"70258995","253"
"70208801","492"
"70260383","492"
"80123744","493"
"70105699","494"
"70124999","494"
"80187205","495"
"80097472","496"
"80075009","497"
"70280748","297"
"81034012","498"
"81019031","499"
"80148070","500"
"80183198","501"
"80158844","502"
"80164456","503"
"80174434","391"
"80075476","504"
"80158148","505"
"80239565","506"
"80216844","507"
"80187722","508"
"81021082","61"
"80191047","509"
"80240972","510"
"80103282","511"
"80134526","512"
"80127559","225"
"80005501","513"
"81078819","514"
"80223997","13"
"81191666","515"
"81133621","516"
"81038598","517"
"81016322","291"
"81171871","518"
"81015317","519"
"81015317","520"
"80205204","429"
"70235731","521"
"80003481","522"
"81103033","523"
"60002273","524"
"70297962","525"
"269880","526"
"60029167","526"
"60020891","527"
"347365","528"
"60003242","503"
"60027726","503"
"81166946","529"
"70023961","530"
"60027716","102"
"70287957","531"
"81168345","532"
"60020892","533"
"81164752","534"
"60028097","535"
"70065112","536"
"70083108","537"
"70083108","538"
"70184050","539"
"81168347","540"
"81003460","541"
"70095135","542"
"81191254","543"
"60023597","431"
"81002876","544"
"70058017","545"
"70058024","447"
"70011211","447"
"70271599","546"
"70020699","547"
"60003540","548"
"60003540","549"
"1181550","550"
"70170051","551"
"70021630","552"
"70021630","553"
"60001761","554"
"70041963","555"
"70058025","556"
"70058025","367"
"70128696","557"
"70077542","558"
"81168342","559"
"81165772","217"
"510854","560"
"60000921","560"
"70044605","561"
"18021979","562"
"18021979","563"
"81168344","564"
"70020750","391"
"70105596","565"
"60037022","566"
"60034571","224"
"70053456","567"
"80173150","568"
"80173150","569"
"81168341","570"
"80137461","571"
"81012857","572"
"70123116","489"
"80190101","573"
"81024712","574"
"70112494","575"
"80215922","576"
"70113306","577"
"70113305","578"
"80032472","579"
"81024703","580"
"70181653","581"
"80048200","582"
"81025884","583"
"80032474","584"
"80032476","585"
"70127589","586"
"80104130","587"
"80032473","483"
"70090035","588"
"81024713","589"
"70117268","590"
"70211216","591"
"70211216","592"
"70140322","593"
"81024696","483"
"70303428","594"
"81012407","595"
"70125882","596"
"70101039","597"
"70123121","598"
"80152182","599"
"70229042","600"
"70042756","601"
"80187618","602"
"81024704","584"
"80221498","603"
"70229047","604"
"70229555","605"
"70213515","606"
"81018563","607"
"81018565","607"
"70114948","608"
"80190103","450"
"81024729","609"
"80032477","610"
"81024711","611"
"81025908","612"
"70303495","613"
"70303429","614"
"80084768","615"
"70096752","616"
"70096752","617"
"70229046","617"
"70229046","616"
"80084767","618"
"81024701","619"
"70229048","620"
"80995576","621"
"70292836","622"
"80141767","623"
"70139542","624"
"70039175","625"
"70225597","573"
"70123119","626"
"70150437","627"
"80084667","628"
"70099118","629"
"81024705","630"
"80198771","631"
"80062096","632"
"80062096","633"
"70291096","634"
"70130483","635"
"80031038","636"
"80065930","637"
"80112370","638"
"80112370","639"
"70165189","58"
"70197459","640"
"80095193","143"
"70246439","640"
"80158155","143"
"80158155","640"
"80158155","639"
"80147971","641"
"70257412","391"
"80172937","363"
"80118280","637"
"80135360","100"
"80135360","642"
"70286355","643"
"80150246","644"
"80017272","222"
"80017272","645"
"80017272","646"
"80017272","647"
"80017272","648"
"80017272","649"
"80017272","650"
"80017272","651"
"80017272","652"
"80075828","653"
"80095089","58"
"80208176","654"
"80208176","655"
"80116741","656"
"80063290","657"
"80063290","658"
"80162195","659"
"80198687","660"
"80163353","661"
"80162246","662"
"80162246","663"
"80112371","664"
"80112371","665"
"80112371","666"
"80208413","667"
"80128277","668"
"70153553","669"
"80107372","607"
"80138584","670"
"80106138","671"
"80038288","672"
"80109089","673"
"80109089","674"
"80061797","675"
"70206821","676"
"70206816","677"
"60022914","678"
"70206818","679"
"70206819","680"
"70206822","681"
"70206820","682"
"70206823","683"
"70206824","684"
"70206825","685"
"70206826","686"
"81029831","687"
"80194289","688"
"80190859","689"
"70243445","690"
"70243445","691"
"80201542","692"
"81079723","693"
"81003058","694"
"80236993","695"
"80057565","696"
"81002596","697"
"81002597","698"
"80148275","699"
"80127886","700"
"80080491","701"
"80046777","702"
"60024976","703"
"80173002","704"
"80009431","156"
"81092045","705"
"81034600","706"
"80183783","707"
"81209203","708"
"81058497","709"
"80167628","710"
"81165326","711"
"81053961","591"
"81029848","712"
"80204460","405"
"70209267","713"
"70306305","714"
"70262831","715"
"70113005","716"
"70052286","391"
"80114460","717"
"81206389","718"
"80196135","719"
"80117461","720"
"80117533","509"
"80117533","721"
"81197050","722"
"81197050","723"
"81213894","724"
"80238204","725"
"80990725","726"
"80990725","727"
"81016327","728"
"81004245","729"
"81033200","294"
"81033200","730"
"81039383","731"
"81018377","732"
"81021528","733"
"80097475","734"
"80097475","735"
"70117294","736"
"70117582","737"
"80163294","738"
"81082007","739"
"81172754","740"
"81227195","741"
"81172841","742"
"81172899","743"
"81172908","744"
"81172901","117"
"81033086","591"
"60020826","745"
"80226242","746"
"70101696","747"
"81194544","748"
"80995081","430"
"81177504","749"
"80175798","547"
"80239961","750"
"80219019","751"
"81062293","752"
"80235524","309"
"81215481","753"
"81005044","754"
"80147529","755"
"81018860","756"
"81018860","757"
"80217495","722"
"80049871","758"
"81218079","759"
"81218079","760"
"60028294","761"
"80125671","762"
"80174220","763"
"80174220","764"
"80126449","765"
"80103512","766"
"60020948","767"
"60020948","768"
"70235384","769"
"569355","770"
"60022645","771"
"80225915","769"
"80196379","772"
"80198859","773"
"80159876","774"
"81218074","775"
"81218074","776"
"80199682","777"
"80203522","778"
"80203522","779"
"80107037","241"
"80107037","780"
"80077402","781"
"80107219","241"
"60023606","782"
"81026188","783"
"80080109","391"
"80080109","784"
"80988835","785"
"80208104","786"
"80134827","102"
"80127558","787"
"80158084","788"
"80124725","501"
"70267398","789"
"80108983","790"
"292118","791"
"70003046","792"
"80221584","793"
"70053833","358"
"70122722","794"
"81217738","795"
"80081990","796"
"60004471","227"
"60022413","797"
"70058022","798"
"60022502","557"
"80244683","799"
"80028357","800"
"81217739","801"
"60031884","802"
"70117289","803"
"28631236","804"
"70121502","805"
"70215455","806"
"506464","807"
"60003508","808"
"70105132","709"
"60004083","809"
"70087538","810"
"1181661","811"
"70044693","812"
"70173046","813"
"70039187","814"
"70044686","815"
"80989043","335"
"81021831","66"
"81021832","65"
"80239932","816"
"81214223","817"
"80027560","817"
"70135899","818"
"81215437","819"
"81215438","820"
"81215438","821"
"81214187","822"
"80160987","823"
"81215439","824"
"70178618","825"
"70292700","826"
"81214214","827"
"81020531","828"
"80191051","829"
"80242446","830"
"80085566","831"
"80124722","111"
"70243696","832"
"70243692","833"
"81073633","834"
"70230138","593"
"70230138","835"
"70083532","455"
"80177865","836"
"80117534","837"
"80115031","838"
"80029708","839"
"80029708","840"
"80079470","841"
"70127998","842"
"80160759","843"
"80209608","844"
"80182622","9"
"80175694","845"
"80016471","846"
"70189289","847"
"81132624","848"
"80013267","849"
"80046819","850"
"70293315","851"
"80177400","852"
"81037898","853"
"80200267","854"
"80200267","855"
"70113538","856"
"80244457","857"
"81196441","858"
"81162089","859"
"81217737","860"
"81076114","594"
"81076114","861"
"80183187","862"
"70124331","863"
"81217749","864"
"80158800","775"
"80158800","776"
"70291121","865"
"81035105","866"
"80224054","572"
"81038832","867"
"81035109","868"
"81030893","439"
"81035103","869"
"81035104","870"
"81035104","871"
"80075824","872"
"80075824","873"
"81035108","874"
"81035107","875"
"81028556","876"
"81028574","877"
"81028574","878"
"81028560","878"
"80196044","879"
"80122177","880"
"80136925","881"
"70040076","882"
"70040076","883"
"80117532","884"
"70260514","885"
"80127995","812"
"81156627","886"
"81096745","887"
"80191804","720"
"80191109","158"
"80004534","888"
"70213466","889"
"80222787","890"
"80244848","504"
"80147403","891"
"80058424","892"
"81078466","893"
"80060034","63"
"80205085","894"
"80205085","895"
"70117297","896"
"81152923","897"
"81171862","898"
"80131563","333"
"80107990","899"
"80091658","900"
"80237420","901"
"70174733","593"
"80183088","501"
"80198018","902"
"80134279","903"
"70044870","904"
"26597413","905"
"80245356","906"
"18002692","907"
"81024100","908"
"60027583","909"
"80216003","910"
"80216003","911"
"60002033","912"
"70046968","913"
"81154982","914"
"81063129","915"
"81074542","916"
"382650","917"
"70044705","918"
"449931","919"
"81189912","920"
"80215046","921"
"60036838","922"
"81179693","923"
"485218","924"
"1192866","925"
"11819434","926"
"81050375","927"
"81050375","928"
"516788","929"
"70048968","930"
"542137","931"
"542137","932"
"60021796","761"
"60031247","933"
"60000577","934"
"80231468","935"
"81083786","936"
"80153894","937"
"1179333","938"
"70118779","220"
"653673","939"
"70020947","940"
"70117305","941"
"701346","942"
"70111489","943"
"709163","944"
"709380","945"
"1150871","946"
"70082264","947"
"70082264","52"
"1179583","948"
"70044595","949"
"60011729","950"
"60011729","951"
"70044883","952"
"22497725","953"
"60021590","950"
"60023638","954"
"70031792","955"
"70100383","956"
"60002403","957"
"17236920","958"
"923574","302"
"81152930","959"
"973861","960"
"70058796","961"
"70047101","808"
"81189396","962"
"81189396","963"
"70093991","964"
"60033247","965"
"70295067","966"
"70031779","967"
"1178866","815"
"60033312","958"
"81030409","968"
"684847","232"
"81150305","969"
"20557937","970"
"20557937","971"
"60027695","970"
"60027695","971"
"60031303","970"
"60031303","971"
"848915","972"
"60022980","973"
"60003961","974"
"70060005","975"
"70084791","976"
"81170694","977"
"81170694","978"
"70123542","979"
"70107499","980"
"70123117","981"
"70100644","982"
"80057750","881"
"70229045","881"
"70139073","983"
"81024731","984"
"70219525","587"
"16914787","985"
"81020543","986"
"81020544","986"
"80039595","987"
"70123120","988"
"80224055","572"
"70052249","400"
"70052249","989"
"70084775","990"
"70114588","991"
"70185139","992"
"80232501","993"
"80210147","994"
"80224606","995"
"80058851","584"
"70219528","982"
"70241088","996"
"70068799","459"
"70229044","474"
"70254349","997"
"70254342","998"
"80084838","999"
"70254346","1000"
"70229040","622"
"70056663","1001"
"80067906","404"
"70071832","587"
"70273401","888"
"80097390","1002"
"70106268","1003"
"80039594","1004"
"70139076","982"
"70109758","1005"
"70123126","1006"
"70303431","1007"
"70254351","1008"
"70275076","1009"
"80189997","1010"
"81015100","1011"
"80076581","1012"
"81025404","1013"
"80182949","1014"
"70060017","1015"
"70266675","1016"
"80155792","1017"
"70108590","1018"
"70185141","1019"
"80201826","1020"
"80158388","1021"
"80203778","1022"
"80201820","1023"
"80205563","1024"
"80202605","1025"
"80202605","1026"
"80208211","1027"
"80203791","1028"
"80079229","617"
"80079229","616"
"80080145","1029"
"80157797","1030"
"80032364","1031"
"80203786","1032"
"80032097","1033"
"80216268","1034"
"80156684","52"
"80174727","1035"
"80201827","1036"
"80179288","1037"
"80203780","1038"
"80216215","1039"
"80211371","999"
"80144358","1040"
"80097360","414"
"80097360","415"
"80006168","1041"
"60000545","1042"
"80025702","1043"
"80128692","1044"
"80128692","1045"
"80156369","1046"
"1145882","1047"
"70288423","1048"
"70290568","1049"
"70290568","1050"
"70141644","1051"
"81035836","1052"
"81044103","1053"
"81072917","1054"
"70142542","1055"
"81035855","1056"
"81035845","1057"
"81035856","1058"
"81035857","1059"
"80134780","1060"
"80221308","1061"
"80213657","109"
"80217133","1062"
"80106754","1063"
"80059440","1064"
"81074375","1065"
"80116761","1066"
"80116761","1067"
"70118125","1068"
"80108613","1069"
"80215139","1070"
"80215139","1071"
"81016592","1072"
"81067760","1073"
"70172928","805"
"80101493","429"
"80235472","1074"
"80177300","1075"
"80189866","335"
"80106793","1076"
"80124727","501"
"80117263","1077"
"80087897","1078"
"70084180","1079"
"80195964","1080"
"80213024","1081"
"80210691","1082"
"80210691","1083"
"80244782","1084"
"80144280","1085"
"80209866","1086"
"80167648","1087"
"80202874","1088"
"70109249","1089"
"80993095","1089"
"70045644","1090"
"70025612","1091"
"80237006","577"
"80160033","1092"
"81111849","1093"
"80083930","1094"
"80083752","1095"
"70185023","1096"
"70185023","1097"
"80189827","1098"
"80176144","1099"
"70202150","1100"
"81010699","1101"
"70299863","1102"
"80133554","1103"
"80208662","1104"
"80994596","1105"
"81031939","1106"
"81028570","1107"
"81035867","1108"
"80244640","1109"
"80999729","1110"
"80148223","1111"
"80176342","590"
"80038162","1112"
"80038162","1113"
"81087094","1114"
"80221447","1115"
"70242063","1116"
"80063265","1117"
"81034931","1118"
"80167459","1119"
"80169348","1120"
"80164778","1121"
"80087933","1122"
"80084666","1123"
"80192137","501"
"80195049","1124"
"80186850","720"
"80117765","1125"
"81002195","1126"
"81046255","1127"
"80218306","503"
"80211638","1128"
"80220758","1129"
"81036190","1130"
"81036190","798"
"80165083","1131"
"80134781","893"
"80244680","1132"
"81057229","1133"
"80151384","1134"
"80131167","1135"
"80038335","888"
"80011852","1136"
"80121348","1137"
"81011598","1138"
"81005364","1139"
"81076042","1140"
"81035880","1141"
"81103139","1142"
"70143369","1143"
"81096151","1144"
"70259801","575"
"80990658","1145"
"80133663","1146"
"80117082","1147"
"81043473","1148"
"80091267","867"
"80182919","1149"
"80182919","1150"
"80115466","1151"
"80142223","1152"
"80142223","1153"
"80080768","338"
"81061407","1154"
"80161216","1155"
"80161216","1156"
"80218111","1157"
"80991872","1158"
"81103108","1159"
"80236341","1160"
"80191050","1161"
"81041271","1162"
"80216758","1163"
"70083809","1164"
"80028529","1165"
"80998967","1166"
"81038047","1167"
"60021906","1168"
"70142827","1169"
"70149579","1005"
"70109375","1170"
"70289558","459"
"81085319","1171"
"70117577","1172"
"70158421","1173"
"20258084","1174"
"80233511","1175"
"80097814","1176"
"70241757","1177"
"80133551","293"
"81110388","1178"
"81110388","1179"
"80220311","1180"
"81110389","1181"
"70111279","1182"
"81123050","1183"
"70007056","1184"
"70035357","1185"
"80108481","1186"
"70153178","459"
"70073018","1170"
"80994416","1187"
"80243408","980"
"80994418","1188"
"70050576","1189"
"70253596","847"
"80157133","252"
"80107656","1190"
"80157083","1191"
"80098287","1192"
"80059342","1193"
"24081514","252"
"80157564","1194"
"80178078","1195"
"80178078","1196"
"80104330","1197"
"80104330","1198"
"81016247","1199"
"80223928","817"
"81065331","2"
"80186940","429"
"80120740","557"
"81077874","1200"
"80117736","1201"
"80117736","1202"
"80114666","1203"
"80114666","1204"
"80114666","1205"
"80157866","1206"
"81039410","1207"
"81012340","1208"
"70242536","1209"
"80192065","501"
"80158319","1210"
"80158319","1211"
"80143556","824"
"81092777","1212"
"81092779","1213"
"81092779","1214"
"81092776","1214"
"81092776","1215"
"81092778","1215"
"81092778","1214"
"80216541","126"
"80194950","1216"
"70261058","1217"
"70204288","1218"
"80057278","1219"
"70293703","1220"
"80165853","1221"
"80161108","1222"
"80082660","1223"
"80028359","335"
"81076049","1224"
"60031264","1225"
"81094667","1226"
"81069255","1227"
"81094083","1228"
"81080637","1229"
"80197303","1230"
"81049260","1231"
"81017593","1232"
"70270364","1233"
"81093342","1234"
"70056441","1235"
"419733","745"
"419733","1236"
"81021631","1237"
"80241044","1238"
"80213148","1239"
"80150390","44"
"80993495","1240"
"80192548","1241"
"80232894","1242"
"80232894","1243"
"80232330","1244"
"80103425","1245"
"80170875","1246"
"80990815","1247"
"80990816","1248"
"80990829","1249"
"80238110","1250"
"80241876","1251"
"80241876","1252"
"80990811","1253"
"80224106","572"
"80206732","1254"
"80990810","1255"
"80236224","1256"
"80236224","1257"
"80990814","1258"
"80245268","1259"
"80228322","400"
"80223149","1260"
"80179373","1261"
"80233962","1262"
"80233493","390"
"80990813","1263"
"80220531","1264"
"80134149","1265"
"80115133","1266"
"80176698","1267"
"80165848","1268"
"70275753","1269"
"70275753","1005"
"70275753","1270"
"70275753","578"
"70295762","1271"
"80165849","1272"
"80158395","1273"
"70275774","1168"
"80103430","1274"
"80103430","1275"
"80165850","1276"
"80103372","1277"
"80068117","1003"
"20764666","1278"
"70268209","1279"
"80165851","1280"
"70129415","1281"
"70129415","1282"
"70129415","1283"
"70129415","1284"
"70129415","1285"
"70129415","1286"
"70129415","1287"
"70129415","1288"
"70129415","1289"
"70129415","1290"
"70129415","1291"
"70129415","1292"
"80095094","1293"
"80095094","1294"
"80156763","1295"
"80156857","1296"
"70268489","1297"
"80158588","1298"
"80178720","282"
"80106505","1299"
"80169548","1300"
"80015785","1301"
"80097361","1302"
"80097361","1303"
"80176716","1304"
"80132961","1305"
"80165857","1306"
"70258366","991"
"80165732","1307"
"80165854","1308"
"80083589","1308"
"80032081","1309"
"17457962","1310"
"80182105","1311"
"80182105","1312"
"80165855","1313"
"70273637","980"
"70176968","1139"
"80173605","1314"
"80173605","1315"
"80165856","1316"
"70308135","1185"
"80101903","1317"
"80102305","1318"
"80102305","1319"
"80209796","1320"
"80152434","1321"
"70309693","1322"
"80107737","1323"
"80098305","1324"
"80152742","1325"
"80107370","1326"
"80095233","1327"
"70270362","1328"
"81074140","1026"
"81074140","1329"
"80184676","1330"
"81024044","1331"
"60023618","552"
"70113532","926"
"70074299","1332"
"80995799","1333"
"80219143","1334"
"17687959","1335"
"70100377","1336"
"80189630","1337"
"81010867","1338"
"81010865","1339"
"81010874","1340"
"80075018","1341"
"80190180","1342"
"80190180","1343"
"80150002","1344"
"80079265","1345"
"80238080","1346"
"296682","328"
"60037606","328"
"516154","328"
"80170187","203"
"80174137","1347"
"80038296","1348"
"80011848","1349"
"70100381","1350"
"80221560","1351"
"80200961","1352"
"80214580","1353"
"80085013","1354"
"81077597","322"
"80049193","1355"
"70039783","1338"
"81010871","1356"
"81004270","1357"
"81004270","1358"
"80224924","198"
"70051671","1359"
"80144408","1360"
"81038545","1361"
"81044496","1362"
"80235932","1363"
"80235932","1364"
"80235932","1365"
"80235932","1366"
"80235932","1367"
"80176592","1368"
"80170381","1369"
"80142103","1370"
"80152842","1371"
"80049928","1372"
"70296765","1373"
"80131168","1374"
"80119190","1375"
"80119190","1376"
"80119187","1377"
"80048568","1378"
"80119192","1379"
"60027945","1375"
"80119188","1377"
"60027942","1380"
"80115857","1102"
"70281026","1381"
"NA","1382"
"80119191","1383"
"80119193","1384"
"80119193","1385"
"80119189","1375"
"80119189","1377"
"80119189","1386"
"80119189","1387"
"80119189","1388"
"80119186","1380"
"70013050","1375"
"70013050","1389"
"70022548","1377"
"80097423","1390"
"80097423","1391"
"70259177","1392"
"80117458","1393"
"80143362","1394"
"80201200","1395"
"80183197","501"
"80148210","1396"
"70128549","1397"
"70069233","1397"
"80018336","1398"
"80180509","1399"
"80145255","1400"
"70230147","1401"
"80105067","1402"
"81033429","1403"
"80188579","1404"
"80992232","1405"
"80145533","1406"
"80200571","1407"
"80999977","1408"
"70129463","260"
"80170767","1409"
"80134826","593"
"81047902","1410"
"81047897","1411"
"80213803","1412"
"80175623","1413"
"81002880","293"
"80222896","1414"
"81038046","1415"
"80101096","1416"
"80202809","1417"
"80020132","1418"
"80020132","58"
"80206758","1419"
"80162210","1420"
"80126485","1421"
"80082242","1422"
"70202151","1423"
"80999996","1424"
"80999996","1425"
"80169617","1426"
"80144454","1427"
"70204282","1428"
"80242378","1429"
"80171733","1430"
"80245408","1431"
"80044566","1432"
"80991158","1433"
"80191046","1434"
"80169469","1435"
"80148239","1436"
"81010863","1338"
"80162503","1437"
"80150350","1438"
"80160692","1439"
"80157890","1440"
"80164752","1441"
"80135149","1442"
"80171965","290"
"80100945","1443"
"70293820","1443"
"80195967","1444"
"81033107","722"
"81048554","1445"
"81048554","1446"
"80144983","1447"
"70105459","489"
"80207444","1448"
"81033516","1449"
"81075235","1450"
"81072516","1450"
"70283202","1407"
"80156212","1332"
"70296742","1451"
"81059944","1452"
"80095531","1453"
"80192139","501"
"80192063","501"
"80218656","1454"
"80095806","1455"
"80013550","1456"
"80058979","1457"
"80058979","1458"
"81037077","1344"
"81054383","1459"
"81047798","1460"
"80189216","1461"
"80092781","335"
"81019338","1462"
"80132964","1463"
"80117824","1464"
"80058460","1465"
"80076467","1466"
"80049951","1467"
"80049951","1468"
"80031800","1469"
"80017171","1470"
"80108984","1471"
"80135296","1472"
"80135296","1473"
"80158577","1474"
"70175439","1475"
"80204923","1476"
"80117831","1477"
"80223734","1478"
"70307848","1479"
"70105599","1480"
"60029366","1481"
"80017170","1482"
"70028197","1483"
"81013990","1484"
"80171678","1485"
"81074015","119"
"81041273","1162"
"70108985","1486"
"81004374","1487"
"70045356","147"
"70203594","203"
"70203594","1488"
"70253171","147"
"70109657","203"
"70020728","1489"
"81024308","1490"
"81031178","1491"
"70056425","1492"
"81050198","1493"
"81034771","1494"
"80239442","1495"
"80238299","1496"
"80201814","1497"
"80201814","1498"
"80192244","1499"
"80235957","1500"
"80147758","1501"
"80201608","1502"
"80241537","1503"
"80241616","1504"
"80239642","1505"
"80239988","1506"
"70041893","1507"
"80238298","1508"
"80238400","1509"
"80239738","1510"
"80239738","1511"
"60021758","1512"
"70095265","1037"
"80164075","1513"
"80164075","1514"
"80164075","1515"
"80117240","1516"
"80098842","1517"
"80098842","1518"
"80156935","1519"
"80102080","1520"
"80092884","1521"
"80023794","1522"
"81060041","1523"
"70090072","1439"
"80145621","1339"
"80100268","1437"
"80206696","1440"
"81010870","1524"
"80226234","1525"
"80081274","1526"
"80134967","593"
"80192187","1527"
"80189653","1528"
"80135585","1529"
"80214087","383"
"80216664","1530"
"80017535","1531"
"80219917","1532"
"80174144","1533"
"80220677","1534"
"80141173","1535"
"80097003","1536"
"80160127","1537"
"80160127","1538"
"80160357","1539"
"81059183","1540"
"81024332","1541"
"81059444","1542"
"80987464","1543"
"80156925","1544"
"60002907","1545"
"80207473","1546"
"80990534","1547"
"70111265","1548"
"70111265","1549"
"70024098","1550"
"80071907","1551"
"70020730","1552"
"80057137","1553"
"81045720","1554"
"70236016","1555"
"81069249","1556"
"81083971","1557"
"80200047","1558"
"80156772","1559"
"81055395","1560"
"70077556","1561"
"70100412","1562"
"60021299","1563"
"70129374","1564"
"80184973","1565"
"70229921","1477"
"70021551","617"
"70021551","616"
"80236167","1566"
"80175151","1567"
"80232404","1568"
"60036746","1569"
"60036613","489"
"80214584","1570"
"17671454","1571"
"60036617","1572"
"80230555","1573"
"80230555","1574"
"70294790","1575"
"70063017","1571"
"60003401","403"
"80224605","1576"
"70021253","1168"
"70138498","1577"
"80188099","1578"
"70025303","1579"
"70048905","399"
"80223227","1580"
"80223195","1581"
"80236906","1168"
"80238297","1582"
"80235958","1583"
"17969262","1584"
"80223317","1585"
"80223317","1586"
"70012334","1587"
"80184131","1588"
"80184131","1589"
"80106947","1590"
"80082014","1591"
"70291094","1592"
"70250369","1593"
"70250369","1592"
"80223230","405"
"80059049","1584"
"60032008","1502"
"60037397","1174"
"80223228","1594"
"70001082","1595"
"80238291","1596"
"60035875","1597"
"70244982","1005"
"70065769","1598"
"70099702","1599"
"80238637","1600"
"80188777","1601"
"80238293","1313"
"80132381","1602"
"80023851","1575"
"70019491","588"
"70304187","1365"
"70304187","1366"
"70304187","1367"
"60001670","1584"
"80196367","1603"
"70134669","732"
"80202728","1604"
"80238294","1605"
"80023853","724"
"80244078","874"
"80238292","874"
"80238190","1606"
"70304188","1365"
"70304188","1366"
"70304188","1367"
"70304186","1365"
"70304186","1366"
"70304186","1367"
"70304189","1397"
"70143440","1397"
"20717860","1607"
"80201833","1608"
"80238295","1609"
"80223190","1610"
"70125935","1611"
"60021903","1584"
"70001564","1571"
"80135631","1612"
"80135631","1613"
"70175127","1614"
"80172471","1615"
"80144119","1616"
"80165917","1617"
"70155788","1618"
"80134814","1619"
"70285730","578"
"80172469","1620"
"80097530","1621"
"80092404","1622"
"80092850","1623"
"80093127","315"
"80103734","1624"
"81061410","1625"
"60024935","1626"
"80168189","1627"
"80244709","1628"
"80194946","1629"
"80159025","1630"
"81025973","1223"
"80121387","1631"
"80227090","1632"
"81113918","1633"
"81029736","1634"
"81051688","1635"
"81113921","1636"
"80173387","1637"
"81013112","1638"
"81013112","1639"
"70290904","1640"
"70294793","1641"
"81030855","1642"
"81035852","1643"
"80079473","1644"
"80018328","1645"
"80996787","1475"
"81035881","1646"
"81035843","1058"
"81035837","1647"
"80039136","1648"
"81035884","1649"
"81035863","1650"
"81035858","1651"
"81035882","1650"
"81035847","1652"
"81035859","1653"
"81035859","1654"
"80223226","1655"
"81076055","1656"
"80996790","1657"
"80996790","1658"
"70181716","1659"
"70270388","1660"
"80186608","1661"
"80042309","1662"
"80169554","1663"
"80114804","1664"
"80237423","720"
"70304298","1665"
"70304298","1666"
"70117293","1667"
"80121841","1668"
"81093122","1669"
"70293788","1670"
"81039384","1671"
"70245034","429"
"80220676","1672"
"80109341","1673"
"80127764","1674"
"80190144","1675"
"80039644","1676"
"80039644","1677"
"80052790","1099"
"80144311","1678"
"80109145","439"
"80109145","1679"
"80117455","1680"
"80132626","1681"
"80106124","1682"
"80106124","893"
"81145270","1683"
"81128584","1684"
"80198478","1685"
"80191989","501"
"80238434","1686"
"80177782","202"
"80217569","1687"
"80015210","1688"
"80134080","1689"
"81130373","1690"
"81091378","1691"
"81136964","1692"
"80233215","1693"
"80241779","1694"
"80091936","1233"
"81110498","1695"
"81060096","434"
"80994807","1696"
"80133553","1697"
"70236020","1698"
"81002747","1699"
"81002747","1700"
"81002747","1701"
"81075239","1702"
"81075239","1703"
"81108230","1704"
"80192018","238"
"80200015","593"
"80161640","1705"
"70308063","1706"
"80996192","1707"
"81090899","1708"
"81095399","1709"
"80038207","1710"
"80171598","1711"
"80160994","1712"
"80191356","1713"
"80191357","1713"
"80097641","501"
"80097349","1714"
"81055402","1715"
"80231602","1716"
"26009364","367"
"26009364","1717"
"80143794","1718"
"80168227","1719"
"70026432","1720"
"80155477","1721"
"80038420","1722"
"81035849","234"
"80195901","52"
"80195901","1723"
"80128245","1724"
"80993655","1725"
"80167644","1726"
"80167644","1727"
"80027041","1728"
"80027041","1729"
"80027041","1730"
"80027041","1731"
"81018067","1732"
"81018067","1732"
"80220422","1733"
"80220422","1734"
"81033473","1735"
"81035870","1736"
"60024788","1735"
"60024788","1737"
"80166185","1738"
"81035868","1108"
"81035868","1739"
"81035877","1740"
"81131274","1741"
"81131274","1742"
"81035876","1059"
"81035875","1743"
"81035866","1744"
"81027187","1745"
"81035879","234"
"81035871","1746"
"80997770","1274"
"80997770","1747"
"80173234","1748"
"80151644","1749"
"80151644","1750"
"80185223","1751"
"70038131","1752"
"81110386","1753"
"80108430","1754"
"70135893","1755"
"80121844","1756"
"80158750","1757"
"80216302","1758"
"81105525","1759"
"81105525","1760"
"81017094","1761"
"80190535","212"
"80241071","1762"
"80233611","1763"
"80233611","1764"
"80160814","1765"
"80993404","429"
"81092781","1766"
"81001090","1767"
"81083891","1768"
"81092782","1212"
"81092780","1766"
"81092783","1769"
"81136963","1770"
"80076698","345"
"80038159","1771"
"80037691","1772"
"80998296","1773"
"80049873","1774"
"80094358","1775"
"80174177","178"
"80174177","179"
"81123051","1776"
"81034980","1777"
"81034980","1778"
"81123052","1779"
"81035887","1780"
"81113927","1781"
"81002885","1782"
"81002885","1783"
"80991033","1269"
"80991033","1270"
"80991033","578"
"80991033","1005"
"80244547","1784"
"80991025","1785"
"80184100","1786"
"80991026","1787"
"80164206","1788"
"80187684","1789"
"80160726","1790"
"80104706","1791"
"80172284","1792"
"80158770","1793"
"70302844","1794"
"80245601","1795"
"80242619","1426"
"70267830","1796"
"81035853","1797"
"81035841","1740"
"81147766","1798"
"81035889","1647"
"81088277","66"
"81035874","1058"
"81035883","1799"
"81035848","1800"
"80176756","1801"
"80168221","1802"
"70261178","1803"
"81002929","593"
"80221016","547"
"80222188","1804"
"80221640","1805"
"80221640","1806"
"60001104","1807"
"80132601","1808"
"80176866","1809"
"80114989","1810"
"81092768","1811"
"81092766","1811"
"70060018","1812"
"70202141","1813"
"81032375","1814"
"352989","60"
"81062606","1815"
"81077795","1816"
"81092767","1811"
"81092909","1811"
"81070008","1817"
"70098605","1818"
"81077539","1819"
"20129240","842"
"70108017","1820"
"70011219","1821"
"80097424","1822"
"80203143","1823"
"81068732","1824"
"60026155","1825"
"80994443","1826"
"80245442","1827"
"80190515","1828"
"80048218","1829"
"60033300","1830"
"70011206","1831"
"80998558","1502"
"80168167","40"
"80245626","1832"
"80196584","1833"
"80157084","263"
"80158580","1298"
"80108609","1834"
"80173267","1835"
"80144804","1836"
"80139214","91"
"80106038","1837"
"60000901","1838"
"80158769","1793"
"80158579","1298"
"80158920","1839"
"80107736","1840"
"80148967","1841"
"70057994","1123"
"80186862","1842"
"80156937","1123"
"80158546","1843"
"80156936","263"
"80158581","1298"
"80093213","1417"
"80099305","1844"
"80032640","1845"
"81098589","1846"
"80221446","1847"
"80991107","1848"
"80048977","1731"
"70189282","1849"
"80119249","1850"
"80117747","1851"
"80004286","1852"
"80004286","1853"
"80004286","654"
"81039323","1854"
"81039323","1855"
"80192064","501"
"80176715","1856"
"80168029","1857"
"80245121","1858"
"80177339","1859"
"80170277","1860"
"80097355","241"
"80223153","1861"
"80223153","1862"
"80223153","1863"
"70122316","1177"
"80102160","587"
"80099089","1864"
"70303706","1011"
"80195243","1865"
"81039161","1866"
"80240537","1867"
"80997870","1868"
"80997870","1869"
"60001377","146"
"81151899","1870"
"81017011","1871"
"80213715","720"
"80999990","1872"
"80999991","1872"
"81000000","187"
"70074100","1813"
"70224969","1873"
"70261273","1873"
"70250364","720"
"80198632","1874"
"70143241","1875"
"70143241","1876"
"70278933","1846"
"80093198","1877"
"81018141","1878"
"81015524","1878"
"70124965","1879"
"80999107","1880"
"80992365","1881"
"80092926","1882"
"80195835","1883"
"80171022","1884"
"80192135","501"
"80236421","1885"
"80170862","1886"
"81092331","1887"
"80173485","1888"
"81028404","1414"
"80198508","1889"
"80228239","1890"
"81032669","1891"
"80155932","1892"
"80049094","551"
"80049177","1893"
"80025495","118"
"80023689","1894"
"70278930","1895"
"80038337","1896"
"80038337","1897"
"80053475","1898"
"80999986","1899"
"80022605","1900"
"80029901","1901"
"80037478","1902"
"80007777","1903"
"80999987","1904"
"81000015","187"
"80999982","187"
"80999984","187"
"81005453","724"
"80999989","1872"
"70218312","1905"
"81006594","1906"
"80185321","1907"
"70298116","1908"
"80117542","1909"
"80117542","1910"
"80213658","834"
"80232989","1911"
"80014857","629"
"80147988","1912"
"80145512","1913"
"80225024","915"
"80204616","1914"
"70108777","366"
"70259259","1915"
"80017021","1527"
"70099615","373"
"70099615","1916"
"70034607","1310"
"70118801","1917"
"80213654","286"
"80158802","429"
"80158802","1918"
"70117354","750"
"81036524","1919"
"70025372","1920"
"70025372","1921"
"70123160","1922"
"70299270","1923"
"80017280","1924"
"80017280","1925"
"80155863","975"
"80107087","1926"
"81035840","1927"
"81035840","1928"
"80195962","1929"
"80186829","1930"
"80013547","1900"
"80115874","1931"
"80244472","1628"
"80190463","1932"
"80164164","1933"
"80997613","1934"
"81092325","1935"
"70053885","1936"
"70301275","394"
"80073823","1937"
"70299859","40"
"80027378","1938"
"1005494","831"
"80998968","1939"
"70272893","1940"
"80232891","1941"
"80180376","1942"
"80180376","1151"
"80183329","1943"
"80192842","1944"
"80154884","1945"
"81113926","1509"
"80217130","1946"
"80028208","1947"
"80028208","1948"
"81155782","1949"
"81003981","1907"
"81151313","1950"
"81151313","1951"
"70042688","1952"
"70109429","1953"
"70109429","1954"
"81011993","1955"
"81153373","1956"
"70262783","1957"
"70293661","1958"
"70266171","1959"
"80095718","1960"
"70257413","1961"
"80988262","1962"
"70295189","1963"
"80993684","1964"
"70257860","1965"
"80998908","1966"
"70171835","1512"
"80993650","1967"
"80049979","1968"
"70267439","1902"
"70293812","1969"
"80113589","1970"
"70298393","1971"
"80191557","1972"
"80096585","1973"
"80096585","1974"
"80096585","1975"
"80096585","1976"
"80096585","629"
"80096585","1977"
"80096585","941"
"80096585","1978"
"80096585","1979"
"80106928","1980"
"80064459","1981"
"80102204","1107"
"60003082","1982"
"80081277","1983"
"80149064","1984"
"80168188","1985"
"80171659","1986"
"80097221","1987"
"70306646","1988"
"80167481","1989"
"80214743","1990"
"70270773","591"
"70270773","592"
"80991827","1991"
"70300666","1992"
"70300666","1993"
"80044126","286"
"80148179","1994"
"70301023","286"
"80221109","68"
"81145271","1995"
"81024041","1996"
"81044248","1997"
"80221677","1998"
"70084221","1999"
"80234791","2000"
"81036520","2001"
"80180224","2002"
"70299904","2003"
"70299904","2004"
"80171125","2005"
"80106989","2006"
"80044731","2007"
"60010069","547"
"70084148","2008"
"70101345","2009"
"80238020","1138"
"70128697","2010"
"70044688","2011"
"60035622","2012"
"80117079","2013"
"70001958","547"
"70066433","524"
"70098899","2014"
"81121172","2015"
"81121173","2016"
"81121174","2017"
"81121175","2018"
"81121176","2019"
"81121177","2020"
"81121178","2016"
"81121179","2021"
"81121180","2022"
"81121181","2023"
"81121181","2024"
"81121183","2025"
"81121184","2025"
"81121185","2026"
"81121186","2027"
"81121187","2028"
"81121188","2029"
"81121189","2030"
"81121189","2031"
"70265211","2032"
"70109689","1402"
"855084","225"
"70105369","2033"
"60029369","2034"
"80005738","2035"
"80005738","2036"
"60000415","550"
"70112731","552"
"81130297","2037"
"60033320","2038"
"81060038","2039"
"60020745","2040"
"18907685","547"
"81113468","2041"
"81017506","2042"
"70114342","2043"
"70114342","2044"
"70021661","926"
"70084795","2045"
"60027701","2046"
"70021654","2047"
"70001777","547"
"80182447","2048"
"70055855","2049"
"70295560","1682"
"70295560","893"
"80994575","2050"
"60036112","597"
"80994424","2051"
"80997402","2052"
"80994423","2053"
"80236278","2054"
"80217136","2055"
"80115118","2056"
"80180851","2057"
"80236279","867"
"80994573","2058"
"70057519","2059"
"80994425","2060"
"60029032","2061"
"81002211","2062"
"70062158","1173"
"80994419","2063"
"80994426","2064"
"80994574","2065"
"70125939","2066"
"80994420","2067"
"70205125","2068"
"70034610","2069"
"80992111","2070"
"80206917","2071"
"80176064","1960"
"80176064","2072"
"80176064","2073"
"80994421","2074"
"70098332","2075"
"80236280","1280"
"80994572","2076"
"80217135","2055"
"80996349","2077"
"80217120","2078"
"80217120","2079"
"80993648","2080"
"70306701","2081"
"80178940","2082"
"70290905","1962"
"80167699","2083"
"80158390","1843"
"80184770","2084"
"80191358","1713"
"80190946","2085"
"80107948","50"
"80094964","2086"
"80158481","2087"
"70299811","2088"
"70229498","617"
"70229498","616"
"20257393","1843"
"80093106","2089"
"80171528","2090"
"80187467","2091"
"80187323","2092"
"80157132","263"
"80093104","2093"
"80114498","2094"
"80114498","2095"
"80114498","2096"
"80106979","293"
"80053140","2097"
"80105672","2098"
"80114700","2099"
"80114700","2100"
"80106139","2101"
"80108386","2102"
"80108386","2103"
"80108386","2104"
"80108386","2105"
"80108386","1263"
"80108386","2106"
"80108386","241"
"80108386","2107"
"80108386","2108"
"80108386","2109"
"80108386","2110"
"80085300","2111"
"81214114","390"
"81167492","2112"
"80198623","1942"
"80198623","1151"
"81062853","2113"
"80220814","1838"
"81046962","1838"
"80150242","2114"
"80213403","2115"
"80233024","2116"
"1193180","2117"
"70251894","1055"
"80077923","429"
"80173542","2118"
"80233408","1623"
"70142888","1492"
"81005561","2119"
"81005561","2120"
"81048548","2121"
"81045052","2122"
"80079428","2123"
"80096786","2124"
"80200744","2125"
"80097725","2126"
"80128657","2127"
"70295415","2128"
"80125627","2129"
"81037970","2130"
"81037984","2131"
"81037986","2132"
"81037985","2133"
"80153895","2134"
"70026431","2135"
"80020885","1411"
"80002667","54"
"80174974","2136"
"80213400","2137"
"80213400","2138"
"80213400","2139"
"80213400","2140"
"80213400","2141"
"80213400","2142"
"80213400","2143"
"80213400","2144"
"80213400","2145"
"80213400","2146"
"80038358","2147"
"81000860","2148"
"81030789","2149"
"80134893","2150"
"81047683","2151"
"81049950","2152"
"81047677","2153"
"80188596","2154"
"81016360","2155"
"80224476","2156"
"80133549","429"
"81035398","2157"
"70113347","2158"
"80097389","2159"
"80097389","2160"
"80221639","2161"
"70099120","2162"
"81024718","610"
"21028726","2163"
"80019930","58"
"80019930","2164"
"81213891","405"
"498716","2165"
"80220085","2166"
"80244855","2167"
"80134966","888"
"80220813","1952"
"81048561","2168"
"80237903","147"
"81026705","2169"
"80109193","2170"
"80109193","2171"
"80208468","451"
"80214582","1768"
"80168198","2172"
"80998786","2173"
"81047898","2174"
"81057249","2175"
"81047900","1411"
"81047899","2176"
"81047901","1411"
"81047901","2177"
"70261978","521"
"80099016","2178"
"60024962","2117"
"81031181","316"
"80107084","1563"
"80196589","2179"
"80125818","2180"
"80192138","501"
"80239629","2181"
"80180171","2182"
"80190283","2183"
"80233925","2184"
"81021098","2185"
"81021098","2186"
"80194737","2187"
"80192062","501"
"80193614","2188"
"80117453","720"
"70296733","2189"
"70109891","2190"
"80003479","2191"
"80163053","2192"
"80208684","1751"
"80124680","2193"
"80175405","2194"
"80175405","2195"
"80214777","1990"
"80079427","501"
"81026986","2196"
"80144448","2197"
"80100936","2198"
"80192420","2199"
"771476","926"
"771476","426"
"80213401","2200"
"80198056","2201"
"80208083","2202"
"80208083","2203"
"80045818","2204"
"80195429","2179"
"80158485","954"
"80198661","2205"
"80198661","2206"
"80119375","2207"
"70271454","2208"
"81035279","844"
"80134721","2209"
"81023713","2210"
"80174219","2211"
"80133139","2212"
"81127902","2213"
"80191988","501"
"80180373","1942"
"80180373","1151"
"80117452","709"
"80152003","2214"
"70268449","1910"
"81147285","2215"
"70120142","2216"
"70142824","2217"
"81235729","2218"
"80057599","2219"
"81093113","2220"
"80049358","566"
"70141971","2221"
"70141971","2222"
"70114021","855"
"70114021","854"
"70098902","2223"
"80118718","2224"
"60022265","2047"
"81026003","2225"
"80997602","2226"
"80169611","2227"
"81144867","2228"
"81127333","2229"
"60000878","2230"
"81000864","2231"
"81047445","2232"
"81045085","2233"
"81050190","2234"
"81045065","2235"
"80028965","2236"
"81050191","2237"
"80202078","2238"
"81047446","2239"
"81000511","2240"
"80218104","2241"
"80997719","2242"
"80997719","2243"
"81044856","66"
"81044857","66"
"80154682","2244"
"80158543","273"
"80158543","263"
"80216543","2245"
"80223136","2246"
"80189955","2247"
"80195807","2248"
"80116307","2249"
"80228321","2250"
"80228321","2113"
"80156940","252"
"80222177","2251"
"80224233","2252"
"80168300","2253"
"80228282","2254"
"80105342","1816"
"80119140","2255"
"70285683","2256"
"80141338","2257"
"80015154","2258"
"80106440","2259"
"80128690","1765"
"80141337","2260"
"70118799","345"
"70137753","345"
"81060049","2261"
"81060049","2262"
"70244163","1695"
"81221851","2263"
"81009823","2264"
"70298946","2265"
"80106504","2266"
"80141335","2267"
"80115030","2268"
"70291114","230"
"81044299","2269"
"70113534","2270"
"80137087","2271"
"80096955","2272"
"81173792","2273"
"81113919","667"
"70065107","2274"
"80990532","2275"
"80108149","2276"
"70120182","2277"
"70120182","2278"
"80173395","2279"
"80226236","2280"
"80187307","429"
"80098203","2281"
"80081960","2282"
"81221873","2283"
"81036539","2284"
"80191048","2285"
"80245041","2286"
"80202273","2287"
"80170870","2288"
"81183491","1272"
"70253597","2289"
"70199239","2290"
"80099306","2291"
"484369","808"
"80109128","2292"
"80187188","2293"
"80117811","2294"
"70084788","2295"
"60036237","2296"
"80014637","525"
"60000407","956"
"70202138","2297"
"81035731","2298"
"1181488","2299"
"70308046","1435"
"80108158","2300"
"60024942","805"
"60000891","2301"
"70021648","2302"
"1151188","629"
"374651","2303"
"70124183","1900"
"60026106","2304"
"60026106","2305"
"70041162","1335"
"70082268","2306"
"70019004","2307"
"70128701","2308"
"1151721","2309"
"60029363","87"
"80032636","2310"
"60002003","2311"
"1179574","2312"
"81103093","1955"
"60000393","2313"
"60026114","825"
"70042687","2313"
"523650","2314"
"70104894","2315"
"70081015","2316"
"70100448","2317"
"70044594","2318"
"81088083","578"
"81088083","1005"
"81088083","1270"
"81088083","1269"
"11819467","1812"
"70065096","1350"
"70000091","2319"
"70019506","557"
"70150473","1352"
"70131314","2320"
"70284281","2321"
"81084305","203"
"60021788","2322"
"70112732","2323"
"60021790","2324"
"60031236","366"
"60032563","366"
"673843","2325"
"673843","2326"
"1180086","2327"
"281550","2328"
"70125232","2329"
"81211681","708"
"60000440","1695"
"81217437","1018"
"60000480","701"
"70021634","2295"
"70112500","2330"
"786137","2331"
"60034568","1825"
"80197991","2332"
"70050507","2333"
"70125581","2334"
"846071","231"
"81085364","2335"
"81140307","2298"
"70128695","2312"
"80095807","2336"
"70121008","2337"
"60000870","2338"
"70260512","2339"
"80135276","2340"
"60035996","231"
"60000409","2341"
"60022396","2342"
"28631029","2045"
"60022058","2045"
"70077544","2302"
"60023856","2343"
"1029730","2344"
"60029154","392"
"70103524","503"
"70021631","2345"
"404067","2046"
"70020296","2346"
"70021652","2347"
"70061763","2348"
"70113006","825"
"70105370","2349"
"70105370","2350"
"60004484","2351"
"60004483","2351"
"5670479","2352"
"60001808","985"
"60001807","985"
"793907","2034"
"60001854","272"
"20159719","2353"
"60024914","2354"
"60000209","2355"
"60033108","2356"
"1064058","2357"
"60021377","2358"
"60033107","2357"
"80066084","390"
"1067876","2359"
"70117902","813"
"60001396","2360"
"22007250","431"
"60020949","2361"
"60011597","2362"
"70100379","1952"
"70209245","2363"
"70045863","2364"
"80999981","2365"
"60022056","2366"
"80016588","716"
"70011207","2367"
"60027689","1402"
"80239710","2368"
"80108616","689"
"70084799","805"
"60010487","805"
"60011649","805"
"60010488","805"
"60004476","629"
"70299748","220"
"80214621","2369"
"80245709","2370"
"70117299","2371"
"16944044","2372"
"81045060","2373"
"60031284","2309"
"70256512","286"
"70058019","2374"
"81046846","2375"
"880640","366"
"81052279","2376"
"81052277","2377"
"60026139","575"
"70101375","2378"
"408911","542"
"80195885","2379"
"70307648","2380"
"70174741","2381"
"60023619","87"
"70023960","524"
"80201623","2382"
"80202086","2383"
"80190844","2384"
"80201626","1497"
"80201626","1498"
"80195653","2385"
"80084756","2386"
"70117122","1497"
"70117122","1498"
"80197427","2387"
"80192627","1147"
"80084454","2388"
"80196217","2389"
"80208908","2390"
"80167491","2391"
"80167491","2392"
"80206907","2393"
"80202905","2394"
"60035870","2395"
"80074065","2395"
"80201809","2396"
"80228146","2397"
"70169918","2398"
"80201810","2382"
"80221637","2103"
"80197301","2399"
"19207412","2395"
"80217436","412"
"80201618","2396"
"70128225","2400"
"80020131","309"
"80020131","1853"
"70286028","1852"
"80020036","2401"
"80020036","2402"
"70301472","58"
"70286029","1852"
"70286029","1592"
"80196138","2403"
"80196138","2404"
"80138615","2405"
"70297799","2406"
"80131236","2407"
"70116578","2408"
"80202908","2409"
"80184135","2410"
"80139199","2411"
"80208830","119"
"80201813","2412"
"80155790","2413"
"1065372","2414"
"80159566","2415"
"80201815","868"
"80217857","2416"
"70114043","1500"
"80158376","2417"
"80154688","2418"
"70060010","2419"
"70060010","2420"
"80011026","1296"
"80117742","2421"
"80147318","2422"
"80152741","2103"
"80097375","2423"
"80145085","2424"
"80144141","2425"
"80144141","2426"
"80144141","2427"
"80118002","2428"
"80036832","839"
"80092837","2429"
"80092837","2430"
"70242899","2431"
"70053412","2432"
"80131616","2433"
"80174367","2434"
"80174367","2435"
"80217312","2436"
"80209006","2437"
"80117531","2438"
"80153131","2439"
"80991400","447"
"81059388","2161"
"80231156","2440"
"80191045","2441"
"81029383","2442"
"80178280","659"
"80119555","2443"
"80158270","2444"
"70302836","2445"
"81034763","2446"
"80151370","122"
"80151370","798"
"81010962","2447"
"80094258","2448"
"80159028","888"
"80201570","2449"
"80225034","843"
"80044834","954"
"80216779","2450"
"80201497","2451"
"80134431","2452"
"80198745","2453"
"80168052","2454"
"80168052","2455"
"80167667","2456"
"80059410","888"
"80157760","2457"
"80065220","2458"
"80065220","2459"
"80124726","501"
"70301279","2460"
"81002591","2461"
"81002591","2462"
"80123777","2463"
"80123777","2464"
"80109296","2465"
"81017530","2466"
"80190130","2467"
"80061160","2468"
"80133550","752"
"80133550","1277"
"80092925","1524"
"80094723","1338"
"81010869","1354"
"80188883","1354"
"81045072","2469"
"81010873","1524"
"81010864","1338"
"81010866","1524"
"80175332","1524"
"81047510","2470"
"81047510","2471"
"81047510","2472"
"80011541","1524"
"80065327","2284"
"81010872","1339"
"70123648","1338"
"70127628","1524"
"80050106","1340"
"80134779","720"
"80159955","2473"
"80013282","2244"
"70167133","2474"
"70039645","2475"
"80214583","2476"
"80213299","2477"
"80213299","2478"
"80213299","2479"
"80213299","2480"
"80213299","2481"
"80213299","2482"
"80213299","2483"
"80213299","2484"
"80214579","2485"
"80170119","2486"
"80039717","2487"
"80016401","2488"
"70278931","63"
"70305955","2489"
"81051693","2490"
"80109295","2226"
"80071048","2491"
"80002073","2492"
"80002073","264"
"80021983","2492"
"80002074","2492"
"80100937","2493"
"80023667","2150"
"80191608","2494"
"80119233","2330"
"80100261","2495"
"80097376","2496"
"80097376","2497"
"80992973","293"
"81026327","2498"
"80224060","2499"
"81027190","2500"
"81071868","261"
"80013712","2501"
"70292939","318"
"80057509","2502"
"70202577","1274"
"80013283","1274"
"80118004","2503"
"80003151","2504"
"80003152","2505"
"80012477","2506"
"80003153","2507"
"70296573","2507"
"80236133","2508"
"81069254","1195"
"81069254","2509"
"80223050","2510"
"70251896","805"
"80198735","2511"
"80134969","816"
"70166234","2512"
"60031404","2513"
"81031652","2514"
"80108610","2515"
"80217121","2516"
"80117596","577"
"81060040","2517"
"81005266","2518"
"81063743","2519"
"80219974","2520"
"80217826","2179"
"80177414","2521"
"80226233","2522"
"80098490","2523"
"81024494","2524"
"70176656","552"
"80223123","2525"
"80214581","2526"
"80223731","2527"
"80211728","2528"
"80121386","2494"
"80158772","2529"
"80152627","2530"
"80149259","2531"
"80149259","2532"
"70307570","2533"
"80081337","2533"
"81057246","2534"
"80209153","2535"
"80222025","2536"
"80161850","2537"
"80107808","2538"
"80123910","1003"
"80103428","1003"
"80113673","1221"
"80013271","496"
"81004511","2539"
"80989337","2540"
"80191555","2541"
"80184625","2542"
"70100084","696"
"80106438","2543"
"70295085","513"
"70295085","655"
"80159877","2544"
"80208091","2545"
"81052266","2546"
"81067757","2547"
"81015076","2548"
"81067758","2549"
"70002291","1297"
"81050193","2550"
"81067759","2551"
"81045069","2552"
"80216820","2553"
"81026667","2554"
"81026667","2555"
"70056686","2556"
"81067761","2557"
"80992672","2558"
"80992672","2559"
"81050194","2560"
"70109378","2561"
"80144372","2562"
"80201612","2563"
"80202087","1779"
"80201816","2409"
"80201816","2564"
"80201605","2565"
"80201609","1306"
"70116577","2566"
"70121660","874"
"70120167","101"
"80201622","2382"
"80201817","2565"
"80082749","2567"
"80065214","2568"
"80152155","2569"
"70137744","2570"
"70137744","2571"
"80007215","2572"
"81071972","2573"
"80244853","2398"
"80167498","1682"
"80227304","2574"
"80081987","2575"
"80134968","2576"
"80046696","2577"
"70118368","505"
"80168084","2578"
"80168084","2579"
"81074663","2580"
"81012294","2581"
"81012294","2582"
"81012294","2583"
"81012294","2584"
"81012294","2585"
"80013293","2586"
"80241304","2587"
"80147513","2588"
"80103818","2349"
"80106791","2589"
"80106791","2590"
"80174429","1107"
"80174429","2591"
"81037273","2592"
"81037273","2593"
"81037273","2594"
"81037273","2595"
"60022998","2596"
"60022998","2597"
"60003378","2380"
"70132722","2598"
"81045891","2599"
"81045891","2600"
"81059656","2601"
"80080618","2602"
"80994282","2603"
"80220013","2604"
"80065492","2605"
"81050118","638"
"81050118","2606"
"81048914","312"
"80220228","2607"
"70101697","625"
"80106984","2586"
"80104316","2608"
"80208661","2609"
"81063480","2610"
"80199689","2611"
"81063084","2612"
"81059649","2613"
"81059649","2614"
"81059812","2615"
"80205451","694"
"70045919","1731"
"80141928","2616"
"80198055","2617"
"80195654","2618"
"80170992","2619"
"80163352","2620"
"70251218","2621"
"80217040","2055"
"80172958","337"
"80171291","2622"
"80234290","2036"
"80234290","2623"
"80168231","2624"
"80005332","2625"
"80060060","2626"
"80091866","2627"
"80124947","2628"
"80017528","2629"
"80095530","2080"
"80134682","545"
"80127604","2630"
"80156767","2631"
"80159668","2632"
"60036691","2633"
"80161851","2634"
"80161851","2635"
"80161851","2636"
"80161851","2637"
"80152745","363"
"70306702","2638"
"81004748","2639"
"80174959","702"
"80225595","2640"
"80160347","522"
"80098200","2641"
"80081410","1364"
"80081410","1365"
"80081410","1366"
"80081410","1367"
"70117322","2642"
"81157385","2643"
"81033201","2644"
"81033201","2645"
"70253594","2646"
"70266069","289"
"70035037","159"
"70152959","2473"
"70144331","2647"
"80178974","2648"
"80157086","263"
"70089214","2649"
"60020906","588"
"60002808","2650"
"70129396","2651"
"70129396","2652"
"80156938","273"
"80156938","263"
"70087087","2653"
"80103392","2339"
"80098288","2654"
"70103762","2655"
"80223271","1930"
"81016408","2656"
"80201490","2657"
"81001412","2658"
"80993105","2659"
"80195198","2660"
"80191044","2661"
"80999067","308"
"81003741","2078"
"70063484","2662"
"81172740","2663"
"81172756","2664"
"80223779","391"
"81068687","2665"
"81172758","2666"
"80213588","1190"
"80213588","2667"
"70120340","2668"
"80126997","432"
"81172868","432"
"81002594","697"
"80185876","2669"
"80117746","2499"
"80142615","2670"
"80115673","2671"
"81029841","725"
"80244190","2672"
"80211229","2673"
"80187435","286"
"80104103","2674"
"80004478","429"
"81188871","2675"
"80211590","2676"
"80187306","47"
"80988989","2677"
"80117080","2678"
"80042368","2208"
"60034116","399"
"70211474","1008"
"81177444","2679"
"81213876","2680"
"70056728","2681"
"81161834","2682"
"247747","2683"
"70064205","2684"
"80083672","2685"
"60003405","2686"
"70053010","2687"
"81038225","2688"
"70062701","400"
"81213889","489"
"70005055","2689"
"60029461","2690"
"81213893","1168"
"372195","2691"
"20255593","2686"
"70059328","2692"
"81213888","1575"
"60024927","524"
"20255837","2693"
"70006866","2694"
"20077944","1174"
"20705133","2695"
"21028086","2686"
"22040803","2352"
"70054380","2627"
"60020236","2696"
"20765027","2697"
"81109078","2698"
"81213885","2699"
"70129075","474"
"60001407","2700"
"70295531","2701"
"17457622","1168"
"20712279","2702"
"70051840","2703"
"81213895","2686"
"24073896","2704"
"81221913","2705"
"70040912","1168"
"81213979","2706"
"70018445","1168"
"81213897","2697"
"81213877","2707"
"81213882","2708"
"81213896","2709"
"60003097","2689"
"81213887","2710"
"896678","2711"
"81217436","2712"
"81221914","2713"
"70072558","2714"
"60002818","2689"
"20257617","2715"
"70059284","489"
"60001404","2709"
"81213879","2716"
"81213898","484"
"28371873","2717"
"17016471","2718"
"70065255","474"
"60021548","1018"
"81217438","2719"
"81213873","2720"
"81213874","2721"
"81213884","2722"
"81045989","2381"
"70059483","2723"
"80108207","2723"
"70043231","2724"
"70043231","2725"
"81045515","2726"
"60004393","2727"
"70026468","2727"
"81045512","2727"
"81026251","1436"
"81031650","2728"
"81006261","492"
"81045509","2729"
"70298389","2730"
"81045530","2730"
"81045511","286"
"70266169","2731"
"80190585","1817"
"80230402","290"
"80230465","1574"
"80230465","1573"
"80144691","2732"
"80168234","2733"
"80221778","2734"
"80184972","2735"
"80208084","2736"
"80208084","2737"
"80208212","2738"
"80218432","2739"
"80115134","2740"
"80098284","2741"
"80220761","2742"
"80087891","2743"
"80163263","2744"
"81078397","2745"
"80221271","1138"
"80103374","2746"
"81167490","2747"
"81012943","158"
"70213471","2748"
"80194671","2749"
"70253398","2750"
"81043135","2751"
"80097519","2752"
"81024730","2753"
"80151663","2754"
"80995577","621"
"80244708","2755"
"80136332","2756"
"80136332","2757"
"80082739","2758"
"81228864","2759"
"81094074","2760"
"81044813","2761"
"81172726","2762"
"81029400","2763"
"80141781","2764"
"70253590","2765"
"81150338","2766"
"80013773","2767"
"80098103","789"
"80211991","2768"
"80214478","286"
"80182034","2769"
"80182034","2770"
"80083594","2771"
"81164603","2772"
"81000505","2773"
"81000505","2774"
"81045499","2775"
"81164636","390"
"81037697","2776"
"81037697","2777"
"80208235","2778"
"80219127","2779"
"80219127","2780"
"80052828","2781"
"80190840","2782"
"80145086","2783"
"80145086","2784"
"81104634","892"
"80171023","1923"
"80107989","1999"
"80168161","1988"
"80158649","2785"
"80134885","2786"
"80136548","2787"
"80136548","2788"
"80097363","339"
"81014479","1989"
"80989338","2789"
"80131551","2790"
"80119234","769"
"80229953","1019"
"81108479","2791"
"81172830","2792"
"80999643","2793"
"80196789","2794"
"80109551","2795"
"81020973","2745"
"81019341","2796"
"80223098","2797"
"80132411","2798"
"80092839","2799"
"80092835","2799"
"81172911","432"
"81172866","2800"
"81172897","443"
"80126996","432"
"80174451","2304"
"81001097","2801"
"70270949","2802"
"81008536","2803"
"81036532","2804"
"81036535","2805"
"81036533","2806"
"80232740","2807"
"80232740","572"
"80107030","2808"
"80163222","2809"
"80117628","147"
"60030245","2810"
"70271592","2811"
"80046144","2812"
"80046145","2812"
"81036338","2813"
"80058480","2814"
"80206847","2069"
"80164930","2815"
"80115102","2816"
"80098467","2817"
"80098491","629"
"80244681","2818"
"81018239","2819"
"80205978","2820"
"80189806","2821"
"80155902","2822"
"80206057","2820"
"80105358","2823"
"80108691","104"
"81031373","2824"
"80166467","2825"
"80166467","1134"
"80218939","2826"
"80175314","2827"
"80039655","2828"
"80023921","2829"
"80023921","2830"
"81070659","2831"
"81045765","2832"
"81018634","2688"
"80039602","2833"
"80090672","2834"
"80012535","2835"
"80012535","607"
"70137790","2836"
"81048551","2837"
"81048551","2838"
"81048551","2839"
"81048551","2840"
"81048551","2841"
"81048551","2842"
"81048551","2843"
"81048551","2844"
"81048551","2845"
"81048551","2846"
"81048551","2847"
"80058477","1755"
"81000861","2848"
"81039381","2849"
"80026431","2850"
"80026431","2851"
"80013772","2852"
"80013474","2853"
"70184051","1482"
"80232329","2854"
"80000644","2855"
"80145625","2856"
"80144803","2857"
"80136440","546"
"80127459","2858"
"80101609","2859"
"80125782","2860"
"80074933","2861"
"81213155","2862"
"60021525","2863"
"80057585","1269"
"70059026","2863"
"70224999","2863"
"70278990","2864"
"70181734","2473"
"80205232","774"
"70254352","2865"
"81213153","2866"
"81213148","2867"
"70134537","2868"
"70001237","2863"
"70114467","1269"
"81213149","2869"
"70110883","1000"
"60004509","2870"
"60004509","2871"
"60004509","2872"
"70262614","2865"
"60022041","2873"
"70202336","1269"
"81025946","2874"
"81036745","2875"
"81034633","2730"
"81034635","2730"
"80988832","2876"
"80188902","2877"
"81045054","2878"
"70117674","2879"
"80104116","7"
"80197310","2880"
"80220783","2469"
"80177441","935"
"80218586","2881"
"80210182","2882"
"80018252","2883"
"80203788","2884"
"80227673","2885"
"80218784","2886"
"80218783","2887"
"80223049","2888"
"80217545","2889"
"80203784","2890"
"80203784","2891"
"80106230","2892"
"70003680","2893"
"80216662","2894"
"80093295","2895"
"80142450","2896"
"80139507","2897"
"80087348","2898"
"80098810","2899"
"80093812","2900"
"80085567","2901"
"80092409","2902"
"80222301","2903"
"80222301","2904"
"80104182","2905"
"81001887","526"
"81172747","2906"
"81172757","2907"
"81172903","432"
"81172904","2908"
"70243446","2909"
"81210770","2910"
"81172864","2906"
"81060232","2911"
"81010212","2912"
"81010212","2913"
"80158871","720"
"80139397","2914"
"80107019","2915"
"80107019","2916"
"80191835","2917"
"70267802","2918"
"80124728","501"
"80020772","1125"
"70290567","2919"
"81037373","2920"
"80065754","2921"
"80995991","720"
"80205065","2922"
"80194612","2923"
"80104420","2499"
"80039517","1335"
"81035888","1058"
"81036542","888"
"81001121","2924"
"80144453","2925"
"81009829","2926"
"81009829","2927"
"80132410","2928"
"81148811","2929"
"18066997","2381"
"60023608","2308"
"1153656","2308"
"21302357","2308"
"81217745","2930"
"80011622","2931"
"81165325","1414"
"81217746","610"
"70023451","358"
"80188823","2932"
"80182479","1033"
"81217741","2933"
"60024161","2934"
"873159","925"
"81217747","2935"
"70229213","2936"
"80191294","2937"
"81184705","2938"
"70021640","552"
"70044689","547"
"80208793","2939"
"80208793","2940"
"81217742","2941"
"81169158","256"
"81169158","2942"
"81149202","2943"
"70216819","1924"
"70124651","2944"
"81002685","2945"
"70285697","1680"
"81018536","2946"
"81018536","2947"
"81030201","2948"
"81024726","2949"
"81015153","2950"
"81030198","1680"
"80017265","1680"
"81024716","602"
"80106306","2951"
"80106306","2952"
"60034549","2333"
"80135353","2953"
"80995077","430"
"70126809","1924"
"80127645","2954"
"80187471","2955"
"81030200","2956"
"81030197","2957"
"70104313","561"
"80166319","2958"
"80166319","2959"
"80158854","2960"
"80158854","2961"
"80203781","2962"
"80178882","2963"
"80203792","2964"
"80191930","2965"
"80191930","2966"
"70170181","2967"
"80173001","2968"
"80171247","2969"
"80171247","2970"
"70286808","2971"
"70135647","912"
"70135647","2972"
"80201828","2973"
"80203787","483"
"70236586","400"
"80173271","2974"
"80191513","2975"
"80176212","2976"
"80176212","2977"
"80147908","2978"
"80113785","2979"
"80152091","2980"
"80118982","2981"
"80149139","2982"
"80114915","2983"
"80104240","2984"
"907090","2985"
"80135563","2986"
"80149282","2987"
"80154176","2988"
"80073100","607"
"80073100","2835"
"80066806","2989"
"80066806","2990"
"70253397","2991"
"81156592","2992"
"81074367","2993"
"81091977","2994"
"81091977","2995"
"80063867","2996"
"81153372","2997"
"80245357","2998"
"80222042","2999"
"80128691","3000"
"70183165","725"
"80165487","3001"
"70297144","3001"
"81087761","3002"
"81065902","3003"
"80195838","527"
"81112446","1698"
"81088318","3004"
"80080617","2244"
"80203996","382"
"80203998","382"
"80203997","382"
"80204117","382"
"80204119","382"
"80204118","382"
"80163368","3005"
"80184868","3006"
"80044888","1354"
"80050006","888"
"80002621","593"
"81145273","1683"
"81047680","3007"
"81001278","3008"
"80165221","3009"
"81035835","1057"
"81143771","3010"
"80138681","3011"
"80167488","3012"
"80142222","750"
"80156927","3013"
"80108759","3014"
"80057578","3015"
"80018296","3016"
"70303426","3017"
"80104648","3018"
"80992995","3019"
"80234491","3020"
"80234491","3021"
"80234491","3022"
"80124724","501"
"80168079","3023"
"80155475","3024"
"70254350","2627"
"70033611","1680"
"80997863","3025"
"80114719","3026"
"80042182","1915"
"81034010","3027"
"80209658","3028"
"81006598","3029"
"81006598","3030"
"80994162","3031"
"80174897","3032"
"81167494","3033"
"80999781","216"
"80997400","3034"
"70292992","689"
"70267834","787"
"80193491","3035"
"80184834","720"
"81046796","3036"
"81002601","3037"
"80177776","2681"
"81016192","2557"
"81016194","1450"
"80059505","3038"
"81009815","3039"
"80163159","3040"
"81140577","290"
"80108234","3041"
"80152442","1977"
"80161232","3042"
"70275600","3043"
"80097431","429"
"80057691","3044"
"81003736","3045"
"70293130","1107"
"60000677","3046"
"70012316","258"
"70304914","3047"
"70298926","2406"
"80132127","3048"
"80164392","3049"
"80122759","3050"
"80163366","3051"
"80115152","3052"
"80048569","3053"
"81036530","3054"
"81145277","3055"
"80238360","3056"
"80245450","3057"
"81008272","1397"
"81012978","3058"
"80144145","3059"
"80224167","180"
"80224167","3060"
"81155859","3061"
"81155858","3062"
"81147910","3063"
"81155802","3064"
"70285728","3065"
"70274390","3066"
"80224150","3067"
"80128689","2974"
"80185322","720"
"80163054","3068"
"81090071","3069"
"81090071","3070"
"81151880","3071"
"81151877","3071"
"81151878","3071"
"81144912","3072"
"81016193","3073"
"81016196","3074"
"80201175","3075"
"81016191","3076"
"80199962","3077"
"80134952","3078"
"80163407","3079"
"80163265","3080"
"80171742","3081"
"60021787","547"
"81045860","3082"
"80162179","3083"
"80115686","399"
"70242938","3084"
"81150918","3085"
"22469949","3086"
"81155803","3087"
"70139075","590"
"70139072","1309"
"70139072","1738"
"70267490","181"
"80087354","3088"
"70111162","474"
"80099083","1000"
"60003290","3089"
"80227672","722"
"70139074","3090"
"70303432","590"
"70303424","2069"
"70139071","3091"
"70219529","2699"
"70056059","1005"
"70114589","3092"
"80104257","588"
"80997865","3093"
"70123124","1008"
"70047320","577"
"70229043","3094"
"80087743","2069"
"70139078","2629"
"70229041","3095"
"70187503","405"
"70075775","590"
"70204316","3096"
"80234464","3097"
"80234464","3098"
"80209558","3099"
"80209722","3099"
"80153897","3100"
"80138469","3101"
"80118930","3102"
"80202810","3103"
"80202810","1941"
"80201039","3104"
"70177633","1588"
"70177633","1589"
"80146805","3105"
"80087352","3106"
"80203147","39"
"80223582","3107"
"80190984","2688"
"81092330","3108"
"80021840","3109"
"80231419","3110"
"80235578","3111"
"80243541","624"
"70033644","3025"
"80039484","3112"
"70059191","3112"
"11546798","1680"
"70014531","3113"
"70026792","1489"
"80997789","1680"
"80997867","3114"
"80039662","3112"
"80997862","3115"
"60027334","3116"
"60027334","3025"
"80999983","187"
"70111922","3117"
"80997859","3118"
"70130432","3112"
"70033579","3119"
"70100527","146"
"80997857","1680"
"80997793","3120"
"80997861","3113"
"70299867","3121"
"81154987","1212"
"81154987","3122"
"81122206","3123"
"81122206","3124"
"81122206","3125"
"81122206","3126"
"81122206","3127"
"81122206","3128"
"81122206","3129"
"81004321","1420"
"80209061","3130"
"81002212","874"
"81002212","3131"
"81002212","3132"
"81002212","3133"
"80176707","3134"
"80199381","3135"
"80202176","2421"
"70123118","588"
"80182274","3136"
"80185166","286"
"80068219","286"
"70209163","1172"
"80163191","3137"
"80184661","229"
"80078761","3138"
"80115844","3139"
"80114111","153"
"70308278","3140"
"70308278","2616"
"81147274","3141"
"80136450","3142"
"80039439","1823"
"80044804","429"
"81147278","3143"
"81146011","363"
"81123826","3144"
"81135868","3145"
"80162142","3146"
"80175483","962"
"80100772","3147"
"80188580","3148"
"80106737","3149"
"80142058","3110"
"70044256","3096"
"70113636","102"
"70237054","429"
"70301469","286"
"81005454","3150"
"80995575","621"
"80223371","2309"
"80175147","3151"
"80239831","3152"
"80105356","3153"
"70296443","3154"
"80168033","3155"
"80160346","935"
"70121522","27"
"81065784","3156"
"80124099","3157"
"70119812","3158"
"60032685","3159"
"70006816","2849"
"70236587","3160"
"520489","2309"
"70266677","3161"
"60010514","366"
"70301367","971"
"70301367","970"
"80014727","3162"
"81050688","3163"
"80081505","3164"
"60022700","815"
"915927","3165"
"916043","3166"
"60010836","3166"
"916061","3166"
"60025674","3165"
"70039168","558"
"81103092","1955"
"60031278","3167"
"60001363","220"
"60026477","3168"
"80094096","1313"
"81085824","3169"
"1171655","3170"
"80993489","3171"
"80993489","3172"
"70033643","3025"
"70233317","3173"
"80997858","3025"
"80238607","2525"
"80039485","1920"
"80998560","3174"
"70043379","1924"
"70043379","3175"
"80232892","3176"
"80998562","3177"
"80998563","3178"
"80998564","3179"
"80997864","3180"
"80035685","858"
"70142792","2154"
"81002214","3181"
"80993656","3182"
"80998568","3183"
"80998565","3184"
"80998566","3185"
"81001379","2730"
"81001381","3186"
"81001382","3186"
"81001383","2730"
"80998567","3187"
"81002215","1191"
"70105338","3188"
"81014824","3189"
"81013200","3190"
"80041339","2272"
"70105371","447"
"60022962","1046"
"81002213","1709"
"80190147","3191"
"80190149","3192"
"80195886","3193"
"80190148","3194"
"80147321","3195"
"70248183","970"
"70248183","971"
"70248183","3196"
"80185723","3197"
"80151962","3198"
"80190146","3199"
"80179433","3200"
"80114501","3201"
"80187107","1962"
"80167646","3202"
"80080106","3203"
"80080106","3204"
"80080106","3205"
"80185861","3206"
"80185722","3207"
"80081374","3208"
"80109260","3209"
"80109260","3210"
"80106144","3211"
"80107987","2785"
"80104552","3212"
"80108147","3213"
"80108996","3214"
"80109248","3215"
"70222860","2325"
"70222860","3216"
"70222860","1402"
"70222860","346"
"70222860","389"
"70222860","3217"
"70222860","3218"
"70222860","3219"
"70222860","3220"
"70222860","948"
"70222860","519"
"70222860","3221"
"81026677","3222"
"81026677","3223"
"80202076","3224"
"80094357","3225"
"81074135","1557"
"80160972","2332"
"80169549","3226"
"80091879","54"
"81091424","3227"
"80208951","3228"
"80097466","64"
"80118918","3229"
"80118918","3230"
"80105690","68"
"80134527","3231"
"80989339","3232"
"70295170","339"
"80130625","3233"
"80096984","3234"
"80222823","3235"
"80209895","3236"
"80189646","293"
"80226962","3237"
"80161104","3238"
"80161104","3239"
"80191990","501"
"80098839","3240"
"80232502","3241"
"81088786","3242"
"81086435","3243"
"81091423","3227"
"81083880","3244"
"80224218","3245"
"81034317","3246"
"80185032","3247"
"80194610","3248"
"80161109","153"
"81029737","3119"
"80227677","720"
"81092327","3249"
"80175333","3250"
"80198419","3251"
"70130142","3252"
"81062674","66"
"81062674","2131"
"80217689","3253"
"80235025","539"
"80164904","3254"
"81015498","3255"
"80157889","3256"
"81094082","3257"
"80048940","2349"
"80044093","3258"
"80044562","3259"
"80044562","3260"
"80142316","3261"
"80128715","272"
"80164212","3262"
"80096782","3263"
"80174282","3264"
"80164864","3265"
"80149821","3266"
"80183328","3267"
"81035872","3268"
"81035865","3269"
"81093925","3270"
"80191049","2661"
"70126573","2040"
"70242568","3271"
"80217772","3272"
"80164088","3273"
"80081278","3274"
"81035869","1744"
"81066244","3275"
"80991404","2438"
"81035873","3276"
"81035862","1057"
"81094665","2393"
"81035878","1651"
"80174683","366"
"70103759","2295"
"80182411","3277"
"80182411","3278"
"80205442","3279"
"80205442","3280"
"80226424","1464"
"80158042","3281"
"80117684","3282"
"80106337","3283"
"80133552","720"
"80052683","3284"
"81077451","3285"
"81014345","3286"
"80158976","2033"
"80238655","3287"
"80995078","430"
"80003150","2506"
"70296578","2504"
"70296574","2505"
"70309257","2507"
"70309257","3288"
"80012520","3289"
"80061161","3290"
"70219642","521"
"81030755","3291"
"81030755","3292"
"80115676","1112"
"80115676","1113"
"80115676","120"
"80118916","3293"
"80146759","3294"
"80213712","3295"
"80207606","3296"
"80192186","3297"
"80216834","3298"
"80174436","1844"
"80174436","3299"
"70241596","3300"
"80174097","1955"
"81076749","3301"
"81066961","3302"
"80174687","591"
"80015799","1080"
"80036657","3303"
"80036657","3304"
"81037733","3305"
"81010166","3306"
"80112518","3307"
"81033430","3308"
"81035851","1058"
"80202920","3309"
"81088285","1274"
"81088285","3310"
"81088285","3311"
"81080942","3312"
"80187301","3313"
"80215782","3025"
"80215782","3314"
"80172000","3145"
"80169778","3145"
"81035844","1649"
"81035842","3156"
"81035860","1108"
"81035850","3315"
"81035846","3316"
"81035846","1799"
"81035854","1800"
"80097516","3317"
"80164465","2775"
"80117484","286"
"80017099","3318"
"81026329","3319"
"81026329","3320"
"81006826","1629"
"80029368","1697"
"70222859","3321"
"70222859","3322"
"70261674","3323"
"70045274","3324"
"81034599","3325"
"81090128","3326"
"81090128","3327"
"70114022","2597"
"80180225","3328"
"80015794","3329"
"81088700","399"
"70043149","2110"
"81018181","363"
"70040077","1297"
"60031998","1698"
"60036103","3330"
"81086641","3331"
"70027133","732"
"81086640","3332"
"81009808","3333"
"80189853","3334"
"70059700","3335"
"70142918","2775"
"80992231","3336"
"80081790","3337"
"80015280","2764"
"80141253","2764"
"80141254","2764"
"80160081","3338"
"80168301","116"
"80064273","3339"
"80064273","3340"
"80098475","3341"
"80058247","3039"
"80058247","3342"
"80058247","3343"
"70302184","339"
"81060043","3344"
"81024557","3345"
"70124562","3346"
"80156683","3347"
"80126569","1117"
"80035467","3348"
"81041391","3349"
"81018120","3028"
"80152625","3350"
"80175421","3351"
"80108518","1271"
"80172002","3352"
"81019144","3353"
"80170483","3354"
"81019888","3355"
"80133153","3356"
"80149145","2893"
"80164207","3357"
"80106743","591"
"81087095","3358"
"81021447","3359"
"80158875","2821"
"80142474","3360"
"80142474","3361"
"81086434","3362"
"81083791","3363"
"81088282","3364"
"70167072","3365"
"70058016","925"
"70077557","909"
"80233085","3366"
"80210602","3367"
"81088283","3368"
"80141156","3369"
"70077546","3370"
"70063591","3371"
"81052280","3372"
"70110558","2372"
"60020916","552"
"60029178","552"
"80103336","3373"
"81066723","3374"
"80207445","2684"
"80209751","3375"
"80063773","3376"
"80063773","3377"
"81088284","3378"
"70061480","3379"
"80987611","1312"
"70060380","3380"
"80202808","3381"
"60010082","3382"
"60033788","3383"
"60033788","771"
"60033786","3384"
"60033787","3384"
"60022255","771"
"60022254","3385"
"70020048","3385"
"284890","1174"
"70115621","400"
"80103383","925"
"60011619","3386"
"80041337","3387"
"60033223","1191"
"80196139","3388"
"80148180","3389"
"607931","3390"
"80225907","3391"
"70298251","293"
"60002111","1191"
"80190215","3392"
"70000196","2629"
"80245519","3393"
"80245329","3394"
"70083535","2629"
"70039405","3395"
"60000722","597"
"70134539","989"
"80245518","3396"
"80124313","2388"
"60036359","805"
"80049281","3397"
"70084328","3398"
"70099610","1662"
"80217041","3399"
"80156408","3400"
"80172938","3401"
"80131414","3402"
"80170612","3403"
"80144890","3404"
"80106786","3405"
"80115101","3406"
"80141261","3407"
"80158482","3408"
"80081955","3409"
"80164112","3410"
"70302835","3411"
"80125512","3412"
"70129457","3413"
"70205014","3414"
"80158479","3415"
"80104318","3416"
"80100054","3417"
"80097468","3418"
"80097468","3419"
"80171439","3420"
"80104237","3421"
"80085438","2214"
"80085439","2214"
"80011846","3422"
"80064521","363"
"70197049","97"
"70197049","3423"
"70197049","3424"
"70197049","3425"
"70197049","3426"
"70197049","3427"
"70197049","3428"
"80020542","3429"
"70205012","3430"
"80108561","3431"
"70242310","851"
"80175619","3432"
"80144355","3433"
"80208115","3434"
"70143825","3435"
"80066080","3436"
"80065386","3437"
"80133311","3436"
"80027042","3438"
"80018046","3439"
"70242081","3440"
"70143864","2347"
"70245163","3441"
"80023644","3442"
"80179201","3443"
"80207879","3444"
"80007778","1360"
"80062047","3445"
"80103318","267"
"80201773","3446"
"80171362","837"
"70180293","3447"
"70204981","3448"
"80080436","177"
"70142436","3449"
"80176929","3450"
"80176929","3451"
"80063224","3452"
"80164216","2809"
"80115328","624"
"80115328","578"
"80176842","3450"
